"inputs","outputs"
"Struggling to focus at work today. Need some tips to improve my attention span.","attention"
"Mind constantly wandering during meetings. How do you stay focused?","attention"
"Every task feels like a Herculean effort. Concentration slips away, leaving me frustrated and overwhelmed.","attention"
"Attempting to focus on work, but my mind constantly drifts. It's a struggle to maintain attention on any given task.","attention"
"The bombardment of distractions is exhausting. It feels like I'm swimming against the current just to keep my attention anchored.","attention"
"Trying to read a book, but the words blur together. Attention slips away, making it difficult to retain information","attention"
"In meetings, my mind becomes a battleground of competing thoughts. Attention flits from one idea to another, leaving me mentally drained.","attention"
"Simple instructions become a challenge to follow. Attention slips away, and I find myself lost in a fog of distraction.","attention"
"The constant need to multitask is overwhelming. Juggling multiple responsibilities, but struggling to give focused attention to any one thing.","attention"
"Despite my best efforts, my attention span feels like it's shrinking. It's a struggle to stay engaged in tasks that once held my interest.","attention"
"The allure of instant gratification pulls me away from important tasks. Attention wavers, making it hard to stay committed to long-term goals.","attention"
"Even in quiet environments, my mind races with thoughts. Attention is a fleeting resource that seems to slip through my fingers.","attention"
"As I close my eyes and turn inward, I find a sacred space within, where the gentle rhythm of my breath becomes a mantra. In the stillness, I connect with a profound sense of peace, transcending the noise of the external world.","spirituality"
"Amidst the ancient trees and flowing streams, I sense the divine presence in the rustle of leaves and the whispers of the wind. Nature, a silent cathedral, invites me to contemplate the beauty and interconnectedness of all life.","spirituality"
"In the strokes of a painter's brush or the notes of a musician's melody, I witness the manifestation of the spiritual. Art becomes a conduit for expressing the ineffable, a language that speaks to the depths of the soul.","spirituality"
"Every step, every morsel of food, becomes an opportunity for mindfulness. In the present moment, I find a sacred space where worries of the past and anxieties of the future dissolve, leaving only a profound sense of existence.","spirituality"
"The act of selfless service becomes a sacred offering, a way to express gratitude for the interconnected web of life. Through service, I realize that spirituality is not only a personal journey but also a shared responsibility to uplift and support one another.","spirituality"
"The ritual of lighting a candle becomes a symbolic act, dispelling darkness and inviting the light of understanding. In this simple gesture, I find a connection to something greater, a sacred thread weaving through the tapestry of my daily life.","spirituality"
"In this moment of quiet reflection, I express gratitude for the gift of existence. Each breath is a reminder of the divine grace that sustains me, and I am humbled by the infinite love that surrounds and fills my heart.","spirituality"
"In the face of setbacks, I choose optimism as my compass. Every hurdle becomes an opportunity for growth, and setbacks are but stepping stones on the resilient path toward a brighter future.","resilience"
"Like a phoenix, I rise from the ashes of despair, my spirit unbroken by the fires that sought to consume me. In the ruins of my past, I find the foundation for a stronger, more resilient self.","resilience"
"In the aftermath of adversity, I stand resilient, a testament to the strength that emerges from the depths of struggle. With each step forward, I reclaim my narrative, refusing to be defined by the challenges that sought to break me.","resilience"
"Lisa, a single parent working two jobs, overcomes the daily challenges of balancing work, parenting, and household responsibilities. Her resilience shines through as she navigates the complexities of raising her children with love and determination.","resilience"
"Despite facing learning differences, Alex not only excels academically but also becomes an advocate for inclusive education. Through hard work, support, and resilience, Alex demonstrates that every challenge is an opportunity for growth.","resilience"
"After facing the brink of bankruptcy, Mike, a small business owner, turns the tide through innovation and perseverance. His resilience and adaptability transform his struggling business into a thriving enterprise.","resilience"
"Sarah's journey from addiction to recovery showcases incredible resilience. She not only overcomes the challenges of substance abuse but also becomes a source of inspiration for others seeking to reclaim their lives.","resilience"
"Juan, an immigrant arriving with limited resources, overcomes language barriers and economic hardships to establish a successful business. His resilience and hard work embody the pursuit of the American dream.","resilience"
"Emily, a devoted daughter, gracefully handles the challenges of caring for aging parents. Her resilience shines as she juggles caregiving responsibilities while maintaining a positive and compassionate outlook.","resilience"
"Maria, a passionate community organizer, tackles systemic issues in her neighborhood. Her resilience is evident as she mobilizes the community, overcoming bureaucratic hurdles to bring about positive change.","resilience"
"After losing her job, Mark embraces the challenge of reinventing his career. His resilience shines through as he navigates the job market, acquires new skills, and eventually lands a position that aligns with his passion.","resilience"
"Despite facing physical challenges, James, with a resilient spirit, engages in adaptive sports and advocates for inclusivity. His determination showcases that abilities transcend physical limitations.","resilience"
"In his 80s, Henry learns to use technology to stay connected with loved ones. His resilience in adapting to the digital age not only keeps him socially engaged but also inspires others in his age group to embrace change.","resilience"
"Every sunrise is a promise of a new beginning. I wake up with gratitude, ready to embrace the opportunities that each day brings. Today is a canvas, and I choose to paint it with joy and positivity.","positive outlook"
"Reflecting on the day, I am grateful for the simple pleasures that surround me—the warmth of sunlight, the laughter of loved ones, and the aroma of fresh coffee. Life is a beautiful tapestry, and I find joy in every thread.","positive outlook"
"In the face of challenges, I see opportunities for growth and learning. Every obstacle is a stepping stone, and I approach them with resilience and a positive mindset. Challenges are not roadblocks but detours leading to new discoveries.","positive outlook"
"As I face uncertainties, I remind myself of my inner strength and resilience. I am capable of handling whatever comes my way. Each challenge is a chance to prove to myself that I can overcome and emerge even stronger.","positive outlook"
"Celebrating the small victories is my way of acknowledging progress. Whether it's completing a task, learning something new, or simply finding moments of peace, I recognize and savor the positive aspects of my journey.","positive outlook"
"The future holds endless possibilities, and I eagerly anticipate the adventures and opportunities that await. With a positive outlook, I trust that every step forward brings me closer to a future filled with joy, love, and fulfillment.","positive outlook"
"I believe in the power of kindness to create a ripple effect. Every act of kindness, no matter how small, contributes to a more positive and compassionate world. By spreading positivity, I aim to be a source of light for others.","positive outlook"
"As the sun sets, I reflect on the day with gratitude. Life may have its challenges, but I choose to focus on the beauty that surrounds me. Each day is a gift, and I find joy in the simple moments that make it special.","positive outlook"
"Change is inevitable, and I approach it with a positive mindset. Rather than fearing the unknown, I see change as an opportunity for growth and transformation. Every new chapter brings with it the potential for exciting experiences.","positive outlook"
"I am a work in progress, and I embrace my imperfections with love and acceptance. Each day is an opportunity to learn, evolve, and become a better version of myself. Life's journey is beautiful, and I choose to walk it with a positive heart.","positive outlook"
"Feeling a tightness in my chest. Anxiety is hitting hard. Any calming techniques?","anxiety"
"Overthinking every decision. How do you manage anxiety during uncertain times?","anxiety"
"Feeling a constant knot in my stomach, even though there's no apparent reason. Anxiety is like an unwelcome companion that never leaves.","anxiety"
"Overthinking every decision, every interaction. It's exhausting to navigate through a sea of 'what-ifs' and uncertainties","anxiety"
"Heart racing, palms sweaty—every social situation feels like a battle. Social anxiety makes connecting with others a constant challenge.","anxiety"
"Sleeping has become a nightly struggle. The mind races with anxious thoughts, making it hard to find peace even in moments of rest.","anxiety"
"Trying to concentrate, but anxiety keeps pulling me into a whirlwind of worry. It's like a fog that clouds every thought.","anxiety"
"Feeling on edge without any clear trigger. The unpredictability of anxiety makes every day a rollercoaster of emotions.","anxiety"
"Avoiding situations that trigger anxiety, but realizing it only reinforces its grip. It's a Catch-22 that's hard to break.","anxiety"
"The fear of the unknown is paralyzing. Anxiety turns even the smallest decisions into monumental tasks.","anxiety"
"Constantly seeking reassurance, but the anxiety persists. It's like an invisible weight on my shoulders that won't lift.","anxiety"
"It's hard to explain to others why simple tasks feel like climbing a mountain. Anxiety makes every step a struggle.","anxiety"
"Today feels heavy. Dealing with the weight of depression. Need a boost.","depression"
"Isolation is getting to me. How do you cope with depression when it hits?","depression"
"Waking up each day feels like an uphill battle. The weight of sadness is a heavy companion that never seems to lift.","depression"
"every task, no matter how small, becomes an overwhelming challenge. It's like trying to navigate through a fog of hopelessness.","depression"
"Smiling becomes a mask, hiding the constant turmoil inside. Depression is a silent storm that rages within, leaving me drained.","depression"
"The world loses its colors when depression sets in. Even the things I used to enjoy feel distant and unappealing.","depression"
"Energy is a scarce resource, and the simplest activities drain it further. Depression turns every day into a marathon of exhaustion.","depression"
"Sleep is elusive, and when it comes, it offers no solace. Nights are spent wrestling with intrusive thoughts and a restless mind.","depression"
"Connecting with others feels like an impossible task. Depression creates a wall, isolating me from the support I so desperately need.","depression"
"Goals and aspirations become distant dreams. Depression whispers doubts, making it hard to believe in a brighter future.","depression"
"The loneliness is palpable, even in a crowded room. Depression distorts perceptions, making it difficult to reach out for help.","depression"
"Time loses its meaning. Depression makes every moment a struggle, stretching seconds into an endless, painful crawl.","depression"
"Doubting my abilities lately. How do you boost self-confidence?","self_confidence"
"Impostor syndrome kicking in. Tips on building confidence at work?","self_confidence"
"Every decision feels like a potential mistake. Self-doubt creeps in, making it hard to trust my own judgment.","self_confidence"
"Comparison becomes a constant companion. It's difficult to see my worth when measured against others","self_confidence"
"The fear of failure is paralyzing. It's hard to take risks when self-confidence is overshadowed by the anticipation of making mistakes.","self_confidence"
"Compliments are met with skepticism. Accepting praise feels foreign when self-esteem is on shaky ground.","self_confidence"
"Afraid to speak up in meetings or share ideas. The fear of being judged and the lack of self-confidence hold me back.","self_confidence"
"Setting boundaries becomes a challenge. It's difficult to assert myself when the fear of rejection looms large.","self_confidence"
"The imposter syndrome is a constant companion. It's hard to internalize achievements when self-confidence is clouded by feelings of inadequacy.","self_confidence"
"Even small setbacks feel like personal failures. Building resilience in the face of adversity seems like an uphill battle.","self_confidence"
"Avoiding new challenges for fear of not measuring up. Self-confidence falters in the face of the unknown.","self_confidence"
"The inner critic is relentless. Self-confidence erodes when every mistake is magnified and every success is downplayed.","self_confidence"
"Considering a career change. Any advice on navigating a new path?","career"
"Feeling stuck in my job. How did you find fulfillment in your career?","career"
"Every morning feels like a battle to get out of bed. The thought of another day at work is more draining than the workload itself","career"
"The passion I once had for my job has dwindled. It's disheartening to feel like a cog in a machine rather than someone making a meaningful contribution.","career"
"Mondays are a constant reminder of the dissatisfaction with my career. The weekend becomes a temporary escape from the impending workweek.","career"
"Each task feels like a chore, devoid of any sense of accomplishment. It's demoralizing to see my potential untapped in a job that offers little fulfillment.","career"
"Long hours and late nights, yet the work feels unappreciated. The lack of recognition takes a toll on my motivation and overall job satisfaction.","career"
"The workplace culture feels toxic, and navigating office politics is a daily struggle. It's hard to thrive in an environment that fosters negativity.","career"
"Dreams of a fulfilling career have been replaced by the monotony of a job that no longer inspires. It's a disheartening realization.","career"
"Career goals are on hold, and the trajectory is unclear. Feeling stuck in a position that offers no room for growth is incredibly frustrating.","career"
"The mismatch between my skills and the demands of the job is evident. It's a constant battle to find a sense of purpose in the tasks at hand.","career"
"Passion has been replaced by a sense of obligation. The career path I once envisioned seems like a distant dream in the face of daily dissatisfaction.","career"
"Reflecting on societal issues. How can we contribute to positive change?","society and social acceptance"
"Impact of social issues on mental health. Let's discuss and raise awareness.","society and social acceptance"
"In a world that feels increasingly connected, the irony is the growing sense of isolation. Loneliness creeps in even in the midst of a bustling society.","society and social acceptance"
"Trying to fit into societal expectations, yet feeling like an outsider. Loneliness becomes a constant companion in a crowd that doesn't understand.","society and social acceptance"
"Social media amplifies the illusion of connection, but the reality is a profound sense of loneliness. Likes don't replace meaningful conversations and genuine connections.","society and social acceptance"
"The pressure to conform to societal norms weighs heavy. Loneliness deepens as I struggle to find authenticity in a world that demands conformity.","society and social acceptance"
"Every social event becomes an anxiety-inducing ordeal. Loneliness is paradoxically heightened in the pursuit of social acceptance.","society and social acceptance"
"Watching others seemingly thrive socially adds to the burden of loneliness. It's a struggle to break free from the isolation that society unintentionally imposes.","society and social acceptance"
"Judgment and expectations make genuine connections scarce. Loneliness grows as societal standards overshadow the pursuit of authentic relationships.","society and social acceptance"
"The societal emphasis on success and achievement leaves little room for vulnerability. Loneliness sets in as the fear of judgment keeps emotions bottled up.","society and social acceptance"
"In a hyper-connected world, the irony is the profound sense of disconnection. Loneliness becomes a silent battle in a society that values surface-level interactions.","society and social acceptance"
"The fear of being misunderstood intensifies the loneliness. It's a struggle to find acceptance in a society that often prioritizes conformity over individuality.","society and social acceptance"
"Navigating a rocky relationship phase. Tips for open communication?","love and relationships"
"How do you maintain a healthy relationship amidst life's challenges?","love and relationships"
"Communication feels like a constant minefield. Misunderstandings and conflicts make building and maintaining relationships challenging.","love and relationships"
"Opening up emotionally is difficult. Trust issues linger, making it hard to be vulnerable with others.","love and relationships"
"Fear of rejection hinders connection. The struggle to believe that I am worthy of love and acceptance creates barriers in forming relationships.","love and relationships"
"Balancing independence and intimacy is a constant challenge. Navigating the space between 'too close' and 'too distant' feels like walking on a tightrope.","love and relationships"
"The fear of abandonment lingers in every relationship. Past experiences of loss make it hard to fully invest in new connections","love and relationships"
"Struggling with setting boundaries. It's challenging to assert my needs without the fear of driving others away.","love and relationships"
"Social anxiety complicates every social interaction. Building connections becomes a daunting task in the face of overwhelming self-consciousness.","love and relationships"
"Past betrayals cast a long shadow. Rebuilding trust after being hurt in previous relationships is an ongoing struggle.","love and relationships"
"The pressure to conform to relationship expectations is stifling. It's hard to find authenticity when societal norms dictate the 'right' way to love.","love and relationships"
"Constantly second-guessing the intentions of others. The fear of being taken advantage of or misunderstood makes forming connections a cautious process.","love and relationships"
"Love feels elusive, and the search for a meaningful connection becomes a journey filled with heartbreak and disappointment.","love and relationships"
"Every failed relationship leaves a scar. It's hard to believe in lasting love when trust is shattered repeatedly","love and relationships"
"Finding the balance between independence and companionship is a constant struggle. Fear of losing oneself in a relationship creates inner turmoil.","love and relationships"
"The fear of vulnerability makes it difficult to fully open up to someone. Guarded emotions hinder the possibility of deep, authentic connections.","love and relationships"
"The quest for perfection in a partner becomes a source of frustration. Unrealistic expectations make it challenging to accept love as it is.","love and relationships"
"Past heartbreaks cast a shadow on the potential for new love. Moving forward feels like navigating a minefield of emotional triggers.","love and relationships"
"The pressure to conform to societal expectations of love is suffocating. Authentic connection becomes elusive when societal norms dictate the 'right' way to love.","love and relationships"
"The fear of rejection looms large. It's hard to put oneself out there when the possibility of being hurt again feels too great.","love and relationships"
"Balancing self-love and romantic love feels like an intricate dance. Struggling to find a partner who complements rather than defines one's worth.","love and relationships"
"The paradox of longing for love yet fearing it. The vulnerability that love requires seems like an insurmountable risk.","love and relationships"
"Dealing with family trauma. Seeking support and coping strategies.","family trauma"
"Healing from past family wounds. Share your stories of resilience.","family trauma"
"Family gatherings are a source of anxiety. Past conflicts and unresolved issues cast a shadow over what should be moments of joy.","family trauma"
"Navigating strained family relationships feels like walking on eggshells. The weight of unresolved conflicts makes every interaction tense.","family trauma"
"The scars from family trauma run deep. It's a constant battle to heal from wounds inflicted by those who should provide support and love.","family trauma"
"Trust in family bonds has been shattered. The aftermath of betrayal and deceit makes it challenging to rebuild a sense of familial security.","family trauma"
"The ache for a sense of belonging is met with disappointment. Feeling like an outsider in one's own family intensifies the pain of familial disconnection.","family trauma"
"Patterns of dysfunction persist. Breaking free from the cycle of family issues seems like an uphill battle.","family trauma"
"Trying to set boundaries is met with resistance. The struggle to assert independence is met with pushback from a family that resists change.","family trauma"
"Unresolved childhood trauma impacts adult relationships. It's a challenge to form healthy connections when the past continues to haunt the present.","family trauma"
"Emotional distance within the family is palpable. Longing for emotional support and understanding feels unattainable in a family plagued by detachment.","family trauma"
"Coping with the aftermath of family betrayal. The impact of familial wounds makes it difficult to trust others and form healthy relationships.","family trauma"
"Personal boundaries are constantly violated. Family drama spills into personal space, making it hard to find refuge from the chaos.","family trauma"
"Trying to stay neutral in the midst of family conflicts feels impossible. The drama pulls everyone into its vortex, leaving no room for peace.","family trauma"
"Struggling with body image issues. How to cultivate self-love and acceptance?","body image"
"Pressure to conform to beauty standards. How do you embrace your body?","body image"
"Every reflection is met with criticism. It's a daily battle to silence the negative thoughts about my appearance.","body image"
"Comparison with societal standards feels relentless. The pressure to conform to an idealized body image makes self-acceptance elusive.","body image"
"Clothing shopping becomes a source of anxiety. The mirror reflects insecurities instead of the joy of finding the perfect outfit.","body image"
"The fear of judgment from others amplifies self-consciousness. It's hard to feel comfortable in my own skin when surrounded by societal expectations.","body image"
"Weight fluctuations trigger waves of self-doubt. The struggle to embrace my body, regardless of its size, feels like an uphill journey.","body image"
"Comments about physical appearance cut deep. The impact of external opinions on my body image takes a toll on self-esteem.","body image"
"Social media fuels body dissatisfaction. Filters and edited images create unrealistic beauty standards that seem impossible to attain.","body image"
"Fearing the judgment of others hinders social interactions. Body image concerns become a barrier to forming meaningful connections.","body image"
"Exercise becomes a punishment rather than a source of joy. The pursuit of a 'perfect' body overshadows the importance of physical and mental well-being.","body image"
"The mirror becomes a harsh critic. Learning to appreciate my body for its strength and resilience feels like an ongoing struggle.","body image"
"Scrolling through social media triggers jealousy. Comparing my body to others' seemingly 'perfect' images leaves me feeling inadequate.","body image"
"Seeing others embrace their bodies with confidence intensifies my own insecurities. The green-eyed monster of body image jealousy creeps in.","body image"
"Fitness influencers and models create an unattainable standard. Jealousy surfaces as I long for a body that mirrors the curated images online.","body image"
"Celebrity bodies become a constant source of envy. The pressure to conform to Hollywood ideals fuels body image jealousy.","body image"
"Compliments to others trigger self-doubt. Jealousy sneaks in when it seems everyone else is effortlessly comfortable in their own skin.","body image"
"Jealousy peaks during social events. The fear of being judged based on appearance intensifies when surrounded by seemingly 'perfect' bodies.","body image"
"The cycle of comparison becomes overwhelming. Jealousy grows as I long for the confidence others seem to effortlessly possess.","body image"
"Procrastination is my constant companion. How to break the cycle?","procrastination"
"Deadline approaching, and I'm stuck in procrastination mode. Help!","procrastination"
"Deadlines approaching, but the procrastination monster has a tight grip. Starting tasks feels like an insurmountable challenge","procrastination"
"The to-do list grows longer as procrastination takes hold. It's frustrating to watch tasks pile up while the motivation to tackle them dwindles.","procrastination"
"Every intention to be productive is thwarted by the allure of distractions. Procrastination turns even the simplest tasks into daunting obstacles.","procrastination"
"The guilt of procrastination becomes a heavy burden. It's disheartening to watch time slip away while tasks remain untouched.","procrastination"
"The pressure to perform well clashes with the tendency to delay. Procrastination becomes a self-sabotaging cycle that hinders success.","procrastination"
"Long-term goals take a backseat to short-term comfort. Procrastination becomes a roadblock on the path to achieving aspirations.","procrastination"
"Starting a task is overshadowed by thoughts of perfectionism. The fear of not meeting high standards contributes to chronic procrastination.","procrastination"
"The stress of looming deadlines becomes a familiar companion. Procrastination seems to thrive in the face of impending time constraints.","procrastination"
"Planning to break the cycle of procrastination is met with resistance. It's a challenge to override the impulse to delay tasks.","procrastination"
"The promise to 'start tomorrow' becomes a common mantra. Procrastination erodes the sense of agency, leaving tasks perpetually postponed.","procrastination"
"Experiencing workplace harassment. What steps can be taken for self-advocacy?","sexual harassment"
"Support needed for survivors of sexual harassment. Let's stand together.","sexual harassment"
"A colleague's inappropriate comments and advances at work have created an uncomfortable and unsafe environment for me.","sexual harassment"
"Feeling violated after experiencing unwanted touching at a social event. It's distressing how personal boundaries were disregarded.","sexual harassment"
"Enduring catcalling on the street has become a distressing routine. The lack of respect for personal space fuels a sense of vulnerability.","sexual harassment"
"The workplace should be a safe space, but experiencing unwarranted sexual comments and gestures has shattered that sense of security.","sexual harassment"
"Unwanted advances from someone in a position of power have left me feeling powerless and exposed. It's a violation that's hard to shake off.","sexual harassment"
"An uncomfortable encounter at a party has turned into a haunting memory. The emotional toll of sexual harassment lingers long after the incident.","sexual harassment"
"Navigating public spaces comes with a constant fear of harassment. The anxiety of potential encounters affects my sense of freedom.","sexual harassment"
"Unwanted explicit messages online have created a sense of violation in what should be a private space. It's unsettling to deal with this invasion.","sexual harassment"
"Experiencing inappropriate behavior from a friend has strained our relationship. The betrayal and confusion after sexual harassment are overwhelming.","sexual harassment"
"The aftermath of sexual harassment includes self-blame and shame. It's a challenging journey to reclaim a sense of self-worth and security.","sexual harassment"
"Dealing with verbal abuse. How to set boundaries and protect mental health?","verbal harassment"
"Impact of constant criticism on mental well-being. Share coping strategies.","verbal harassment"
"Constant derogatory comments at work have created a hostile environment. Enduring verbal harassment is affecting my mental well-being.","verbal harassment"
"Experiencing name-calling and insults in social settings has eroded my confidence. Verbal harassment leaves lasting emotional scars.","verbal harassment"
"In a toxic friendship, the constant stream of hurtful words is damaging. Verbal harassment from someone close feels like a betrayal.","verbal harassment"
"The impact of verbal harassment online is overwhelming. Hateful comments and cyberbullying have created a sense of vulnerability and fear.","verbal harassment"
"At home, the verbal abuse creates a tense atmosphere. Enduring insults and criticism makes it difficult to find a sense of peace.","verbal harassment"
"The workplace should be a space of professionalism, but verbal harassment from a superior has created a toxic and intimidating atmosphere.","verbal harassment"
"Public spaces become a source of anxiety due to verbal harassment. The fear of encountering hurtful comments affects my sense of safety.","verbal harassment"
"Dealing with constant mockery and taunts from peers is emotionally draining. Verbal harassment makes it challenging to maintain self-esteem.","verbal harassment"
"In a romantic relationship, the verbal abuse has escalated to a point of deep distress. The impact on mental health is profound.","verbal harassment"
"Enduring constant ridicule and belittling has led to a loss of self-worth. Verbal harassment creates a sense of powerlessness and isolation.","verbal harassment"
"Struggling to find motivation lately. What inspires and motivates you?","motivation"
"Need a motivational boost. Share your favorite quotes or strategies.","motivation"
"Waking up each day with a lack of drive. The motivation to tackle daily tasks feels elusive, leaving me in a perpetual state of inertia.","motivation"
"The weight of responsibilities seems overwhelming. Finding the motivation to start anything becomes a daunting challenge.","motivation"
"Procrastination has become a constant companion. The internal struggle to summon the motivation to begin projects is a daily battle.","motivation"
"Long-term goals feel distant and unattainable. The lack of motivation leaves dreams suspended in a state of perpetual postponement.","motivation"
"Every attempt to muster motivation is met with inner resistance. It's disheartening to feel stuck in a cycle of inaction and frustration.","motivation"
"The enthusiasm for hobbies and passions has dwindled. Finding the motivation to engage in once-enjoyable activities becomes a struggle.","motivation"
"Setting goals feels like a futile exercise. The lack of motivation makes it challenging to envision a future filled with accomplishments.","motivation"
"The fear of failure paralyzes any attempt to start new ventures. The motivation to take risks is overshadowed by the dread of potential setbacks.","motivation"
"Watching others succeed while struggling with personal motivation intensifies feelings of inadequacy. It's a challenge to find inspiration in the success of others.","motivation"
"Even routine tasks become monumental challenges. The lack of motivation permeates every aspect of life, making even the simplest activities feel exhausting.","motivation"
"Life feels monotonous. Suggestions for overcoming boredom and finding joy?","boredom"
"Boredom is affecting my mood. How do you keep life interesting?","boredom"
"Every day feels monotonous, lacking excitement or variety. Boredom sets in, making it difficult to find motivation for even routine tasks.","boredom"
"Hobbies lose their appeal quickly. The struggle with boredom intensifies as activities fail to capture sustained interest.","boredom"
"A sense of restlessness accompanies the feeling of boredom. It's challenging to stay engaged when everything seems uninteresting.","boredom"
"The passage of time becomes painfully slow. Boredom transforms even short periods into seemingly endless stretches of monotony.","boredom"
"The search for stimulation becomes a constant quest. Boredom creates a void that seems difficult to fill with meaningful activities.","boredom"
"Switching from one activity to another fails to alleviate the boredom. It's as if a persistent sense of emptiness lingers in the background.","boredom"
"The lack of novelty in daily life contributes to a pervasive sense of discontent. Boredom makes it hard to appreciate the present moment.","boredom"
"Even in social settings, boredom creeps in. It's a challenge to stay engaged when conversations and activities fail to capture interest.","boredom"
"Restlessness becomes a constant companion. Boredom creates a yearning for something more, yet the path to fulfillment seems elusive.","boredom"
"Every attempt to combat boredom feels short-lived. The struggle to find lasting engagement persists, affecting overall satisfaction with life.","boredom"
"Facing challenges with addiction. Seeking support and recovery stories.","addiction"
"Overcoming addiction is a journey. Let's share experiences and encouragement.","addiction"
"The cravings are relentless, a constant reminder that breaking free from this cycle is harder than I ever imagined.","addiction"
"Each promise to quit feels sincere in the moment, but the pull of addiction is a powerful force that's difficult to resist.","addiction"
"The shame and guilt after each episode of indulgence weigh heavier with every passing day. It's a vicious cycle that seems impossible to escape.","addiction"
"Lost in a battle with substances, it's as if I'm fighting an internal war. The desire for a momentary escape overshadows the consequences.","addiction"
"Withdrawal symptoms intensify, and the need for that familiar substance becomes overwhelming. It's a struggle between temporary relief and long-term well-being.""","addiction"
"""Isolation sets in as the addiction takes precedence. Relationships fracture, and the loneliness becomes its own form of punishment.","addiction"
"Despite the negative consequences, the allure of the substance remains, creating a perpetual conflict between rationality and compulsion.","addiction"
"The highs are fleeting, and the lows are deep. Addiction distorts reality, making it difficult to discern between moments of pleasure and moments of despair.","addiction"
"Every attempt to quit is met with setbacks. The fear of facing life without the crutch of addiction is paralyzing.","addiction"
"The internal dialogue is a constant negotiation between the desire for sobriety and the persistent call of addiction. It's a battle fought within the mind.","addiction"
